schedule_name,mean_cost_bps,median_cost_bps,std_cost_bps,p90_cost_bps,evaluation_days,win_rate_vs_twap
almgren_chriss,23.467365994464174,23.46612484175294,0.152184421789055,23.666770454510548,25,1.0
twap,23.482899385746396,23.481657891147115,0.1522700842836698,23.68241600682204,25,0.0
vwap,24.287575559638718,24.2854566249691,0.1566980351392378,24.494667906266745,25,0.0
