model_name,mae,rmse,qlike
linear,2.437797024386042e-14,2.6782289671292517e-14,-11.296174093337891
persistence,7.0335499720293566e-09,7.0335874126021e-09,-11.296172911232636
rolling_5d,2.1165810845997573e-08,2.1165923746863275e-08,-11.296163432510976
